REFERENCE;GENE;GENOTYPE;REF_POS;Position_EcoR1;REF;total_count;base_status;base;count;Mutation_name;freq;ALT;NUM_CODON;POS_TYPE;REF_AA;ALT_AA;warning
barcode_59_026083024001_Geno_A2;BCP;GTA2;2989;1653;G;33302;majo;T;14270;G1653T;42,85;T;NA;NA;NA;NA;NA
barcode_59_026083024001_Geno_A2;PreCore;GTA2;12;1858;G;33302;majo;T;14270;G1858T;42,85;T;NA;NA;NA;NA;NA
barcode_59_026083024001_Geno_A2;Domaine RT;GTA2;1704;NA;AGG;2491;majo;A;204;M80K;8,19;A;80;NUC2_P3;M;K;alerte!
barcode_59_026083024001_Geno_A2;Domaine RT;GTA2;1867;NA;G;2492;majo;GCCTACTTCA;558;M134M;22,39;GCCTACTTCA;134;NUC3_P3;M;M;OK
barcode_59_026083024001_Geno_A2;Domaine RT;GTA2;2023;NA;G;2494;majo;C;726;M186I;29,11;C;186;NUC3_P3;M;I;alerte!
barcode_59_026083024001_Geno_A2;Core;GTA2;55;NA;G;33302;majo;T;14270;M1L;42,85;T;1;NUC1_P3;M;L;alerte!
barcode_59_026083024001_Geno_A2;Core;GTA2;442;NA;A;31214;majo;T;10369;M130L;33,22;T;130;NUC1_P3;M;L;alerte!
barcode_59_026083024001_Geno_A2;Domaine S;GTA2;1867;NA;G;2492;majo;GCCTACTTCA;558;M126R;22,39;GCCTACTTCA;126;NUC2_P3;M;R;alerte!
barcode_59_026083024001_Geno_A2;Domaine PreS1;GTA2;1002;NA;G;33302;majo;T;14270;M1L;42,85;T;1;NUC1_P3;M;L;alerte!
barcode_59_026083024001_Geno_A2;Domaine PreS2;GTA2;1326;NA;G;33302;majo;T;14270;M1L;42,85;T;1;NUC1_P3;M;L;alerte!
barcode_59_026083024001_Geno_A2;Domaine HBx;GTA2;2740;NA;G;33302;majo;T;14270;M1L;42,85;T;1;NUC1_P3;M;L;alerte!
barcode_59_026083024001_Geno_A2;Domaine HBx;GTA2;3127;NA;A;31214;majo;T;10369;M130L;33,22;T;130;NUC1_P3;M;L;alerte!
