Sample	File_Snakemake	File_Nextflow	Length_Snakemake	Length_Nextflow	Delta_Length	Orientation	Identity_Pct	Divergence_Pct	SNVs_Count	Internal_Gaps	Overlap_Length
125013854101_F4	125013854101_F4_cons.fasta	barcode_43_125013854101_Geno_F4.fasta	3215	3215	0	Forward	99.533	0.467	15	0	3215
24117572702_D1	24117572702_D1_cons.fasta	barcode_50_24117572702_Geno_D1.fasta	3151	3182	31	Forward	98.984	1.016	32	0	3151
24121486501_D4	24121486501_D4_cons.fasta	barcode_51_24121486501_Geno_D4.fasta	3182	3182	0	Forward	98.743	1.257	40	0	3182
25063706601_E	25063706601_E_cons.fasta	barcode_01_25063706601_Geno_E.fasta	3199	3210	11	Forward	97.25	2.75	75	3	2836
26018776202_D3	26018776202_D3_cons.fasta	barcode_17_26018776202_Geno_D3.fasta	3182	3182	0	Forward	98.994	1.006	32	0	3182
26018776295_C2	FJ349241_CD.fasta	barcode_95_FJ349241_CD_95_Geno_C2.fasta	3215	3215	0	Forward	100.0	0.0	0	0	3215
26018776296_B2	QC377549_BC.fasta	barcode_96_QC377549_BC_96_Geno_B2.fasta	3215	3214	-1	Forward	99.907	0.093	2	1	3215
26018776297_C2	seq_C2_cons_BC11_recomb.fasta	barcode_97_26000000097_Geno_C2.fasta	3185	3214	29	Forward	100.0	0.0	0	0	3183
26018776298_C2	UA_control_DQ089802.fasta	barcode_98_REF_UA2_C_98_Geno_C2.fasta	3215	3213	-2	Forward	99.876	0.124	2	2	3215
26036697503_G	26036697503_G_cons.fasta	barcode_56_26036697503_Geno_G.fasta	3248	3248	0	Forward	97.722	2.278	74	0	3248
26048134404_C1	26048134404_C1_cons.fasta	barcode_83_26048134404_Geno_C1.fasta	3162	3215	53	Forward	98.807	1.193	14	24	3162
26048134405_F2	26048134405_F2_cons.fasta	barcode_84_26048134405_Geno_F2.fasta	3184	3215	31	Forward	99.749	0.251	8	0	3184
26048134406_D3	26048134406_D3_cons.fasta	barcode_65_26048134406_Geno_D3.fasta	3153	3182	29	Forward	99.746	0.254	8	0	3153
26048134407_B2	26048134407_B2_cons.fasta	barcode_66_26048134407_Geno_B2.fasta	3186	3215	29	Forward	99.906	0.094	3	0	3184
26048134408_A2	26048134408_A2_cons.fasta	barcode_67_26048134408_Geno_A2.fasta	3191	3221	30	Forward	99.906	0.094	3	0	3191
26051358601_A2	26051358601_A2_cons.fasta	barcode_74_26051358601_Geno_A2.fasta	3221	3221	0	Forward	99.69	0.31	10	0	3221
26084395002_A4	26084395002_A4_cons.fasta	barcode_60_26084395002_Geno_A4.fasta	3190	3221	31	Forward	99.122	0.878	28	0	3190
26084395002_A5	26084395002_A5_cons.fasta	barcode_60_26084395002_Geno_A4.fasta	3190	3221	31	Forward	99.31	0.69	22	0	3190
